{
    "FirstInit": true,
    "EasyTime": 734.0875854492188,
    "MiddleTime": 10.929006576538086,
    "HardTime": 8.583808898925782
}