{
    "FirstInit": true,
    "EasyTime": 33.64664459228516,
    "MiddleTime": 8.909501075744629,
    "HardTime": 6.914957046508789
}